source_image,cropped_image,ocr_zoom_image,crop_status,duplicate_of,reporting_marks,road_name,road_number,full_name,car_type,car_class,color,capy_lbs,ld_lmt_lbs,lt_wt_lbs,built,roster_id,roster_road,roster_length_ft,roster_weight_oz,roster_weight_tons,ocr_text,match_confidence,notes
IMG_9106.png,CarImagesCardFill/IMG_9106.png,OcrZoom/OCR_IMG_9106.png,ok,,N&W,N&W,32800,,Flatcar,F3,Black,54000,58600,61400,6-56,NW32800,NW,52,4.6,92,"; ‘ RA ~ 5 SY _ | , . TT] PW . SEBIEOMEY TIE-IN TAE AAA AE MC RW RE EN ON OE EEN A EAE EET SEI SS) GR ALLA NAR OI WN HT EEE NGW 82800 NORTOL A I ———| EA 67,4 AH SOA LP WT GLIOGD AND LD LMT 55600 NEW G-5OG “AU EY , | WESTERN Y OE IR AIE RR I ECO OE OS A BEA ER RE RY SE ER GQ ATE CEE MEM ANAE SOMA CE ES ER EC AR",visual_review,final_ref=CarImagesFinal/IMG_9106.png; N&W fish-belly flatcar
IMG_9107.png,CarImagesCardFill/IMG_9107.png,OcrZoom/OCR_IMG_9107.png,ok,,B&O,B&O,467439,,Boxcar,XM,Black,100000,122800,46200,6-47,BO467439,BO,40,3.8,76,"BALTIMORE & OHIO TO?439 CARY FOUUGO : LOBB] 1ESS0U VE YYY LI *’J 46,209 MT -2: 5) SBGAT WOALA LEY = SE ~ 2 1 —_ B A WEN ; ET _ 6 * ° 7 POT SE ERS = DENS = * RAS SOAR AREE T= - OE 4 AT? 4 ‘ OA CENA ‘. — = : — B- = “ SE EE NACH ""IS EEE EAE EO EEE PEA ENE | EA ST A OA WE PC OLS ERRR OS — EE EN ASE EE ~~ : SE = J BALTIMORE & OHIO SRNER SE : S Z . - . ~ ‘MENT 167439 ARIOND CARY 1G0GU0G0 IS —_ . EPBTDD ",visual_review,final_ref=CarImagesFinal/IMG_9107.png; B&O Time-Saver boxcar
IMG_9108.png,CarImagesCardFill/IMG_9108.png,OcrZoom/OCR_IMG_9108.png,ok,,B&O,B&O,466063,,Boxcar,XM,Gray,100000,124000,45000,8-45,BO466063,BO,40,3.8,76,"~~ _—— . A LI FI. AG H ES 7 EEE EE 6 POOR A AR AR RCRD BERRI ANC CERT BE CI DEERE ES I A TE SITE SE SEE TE ED EE ME A 5 A . . = WG ES —. AW V A NA OE EE BY) OE YL SE OR TE ET PE CADE, OR AE ERRNO? NW ES RAD TE PETA DEUS 5 OER TY RAE TARSAL AE RE, AK AR IQ CARE BEE RG WOR ED SHY EAE CE NE : OE SA BEUEN 7 BE AG II BY NF CI PE EE CE ETY DEES SKA SS, WENO -""S S ‘AS O F RC _- A SA AUT : SA —— IE X, - :",visual_review,final_ref=CarImagesFinal/IMG_9108.png; B&O Sentinel silver/black boxcar
IMG_9109.png,CarImagesCardFill/IMG_9109.png,OcrZoom/OCR_IMG_9109.png,ok,,B&O,B&O,467071,,Boxcar,XM,Black,100000,122800,46200,8-47,BO467071,BO,40,3.8,76,"| ES ; ; YI > ; JIS FI —— : ; . ; T = PANT T BALTIMORE & OHIO {OOF} CAPY JQGOGRO } ' PHAL STI $22800 A RI WL INEO MO 7 35 SIGAN AEATTONLEE —_— —_J SS | EEE A NNN =E EEE. EE EN, SEO” AE AA / . ‘ : FF THAS ; » I OE } ‘ + \ “SE NS) ; S X CE A BEE > — . — ——— BALTIMORE & OHIO A> SE, | . CAPY JAUOGO ‘ - - 4 YI WL {200 MIC 7 35 SJAAD EEGIHA DES AN PUTT TE > A AA RAE W | ‘I JT. IF YR I __ ’ ALL \, .",visual_review,final_ref=CarImagesFinal/IMG_9109.png; B&O Time-Saver boxcar
IMG_9110.png,CarImagesCardFill/IMG_9110.png,OcrZoom/OCR_IMG_9110.png,ok,,KSMX,KSMX,101,,Hopper,LO,Gray,140000,157500,52500,10-47,KSMX101,KSMX,34,3.3,66,"EE AE EE JAI. AT _ FEET EE | A| 1 EPORT) FLAND}| AN CARY 6% FLACOOO PR: “SS CI OS FAD LT.W. OG GE 62800 4 FRNEW 10-479, —=— | YN - 22 —O™™—™O—————OOE” RF | ' A A EL ED TEE EE EY : = A = ARR = SS SS EET = ""7 T » «TG % AE --¥ FF KE T S °3 . TI . : B |, KOSMOS FG +E 1K WD TE IWVE TE IF TY KOSMOS OO AI | TEPORTIILANDIE CEMIIENT [ICOMPIIANY IF) {IH “I . AH RE. : “N U -* . RIME 2 7 YE = 4 PH RA. RA ; A3",visual_review,Kosmos cement hopper; final_ref=CarImagesFinal/IMG_9110.png; Kosmos Portland cement hopper
IMG_9112.png,CarImagesCardFill/IMG_9112.png,OcrZoom/OCR_IMG_9112.png,ok,,B&O,B&O,8451,,Flatcar,,Black,140000,149000,61000,12-53,BO8451,BO,53,4.7,94,"EE AL 5 F ; É ‘ IH F] / F = 3 LY 3 E FOS ¢ 4 / F / I {R IA 13 SE ¢ 4 ° ° A - ~ — _ -_ = . Y EY PE ; J RY 7 EA 1 "" O 2 "" O - 2 = - . - = — A AIE EE EE, LA Y, G LOT PIG LE EEE / F | 1 | , 4 \ WEE \ ; ON OE : = PIAL = É F Z FY \ R. =. EE | FE VYV I LIU ; OY OO. ; OC ; IS ; = EEE EE LIVODE CO EO POL ' A ¢ } IO M3 & () & PAO L “ FR WI GLU NEM LE RO ' ~ U 4 TN 4 .",visual_review,final_ref=CarImagesFinal/IMG_9112.png
IMG_9113.png,CarImagesCardFill/IMG_9113.png,OcrZoom/OCR_IMG_9113.png,ok,,EL,EL,66410,,Boxcar,XM,Gray,100000,78400,98900,9-55,EL66410,EL,50,4.4,88,"A = -— "", — . = —_ 9 —<—~SE EE) TE ER ET > D - A 7 / WN AE X A Y —————_——— I ' : ' A ; ' I IL IV A ‘ ; L.-. ' E : A EE — 1 EE 4 . 1 : . FT ' 1 ‘ ' ‘ ' -- 4 ° . ' F ‘ . . ', 4 . 5 T EE I RE SN = AREAS NEE ER ‘SS TE ' | — . . ; ; N ‘ ‘ | ‘ ' : Y 4 — ' LE . | *E . 4 ; 1 F° : | | AAN] 1H R STEREE: AT OE ELE SS EET A EET EE =A = I ! RS = —"". - ¢ . ‘ A ~ —_—— - = A A NE AR EE EO BN) KK A . EES NE MET EE",visual_review,final_ref=CarImagesFinal/IMG_9113.png; Erie Lackawanna boxcar
IMG_9114.png,CarImagesCardFill/IMG_9114.png,OcrZoom/OCR_IMG_9114.png,ok,,UTLX,UTLX,32642,,Tank,,Black,100000,,50800,6-20,UTLX32642,UTLX,40,3.8,76,"A . COW 6 EE A TE TD ET OAL FANE ADEA TM GTA ME OT A =. > A .* I RE — , — ~~ — — IAL RE ; AD ~ NEE HE AT OT A NEE ET A A DD CY GH OT A — . *. » Q | 4 . : Y = : . OYE ' . - ' 3 ! - -* A) ~ U ) ’ LINN VA EE EE EE —— — SE ° : A. HD REE ‘A © SE — = “WE <= — A EA — - —— == — = EE ; —_ — —— — SPS, EE ME SAYE A . —_ EWE TIAN —— 2 — ATES —",visual_review,final_ref=CarImagesFinal/IMG_9114.png; Atlantic Refining tank
IMG_9115.png,CarImagesCardFill/IMG_9115.png,OcrZoom/OCR_IMG_9115.png,ok,,B&O,B&O,600409,,Hopper,LO,Gray,200000,204500,58500,8-66,BO600409,BO,40,3.8,76,"OS ~~ — _ —— = SEATS A. PY ERAT AOR LR ="" BE ""O™, = TE) - : - = E SETE OR %.: BOO 6 3 AS HY LS: SET * CAR EOLA OHO” AD |. AE REGI SSR EE I. AE IRE HY YEE = BAC SATIE 3 1 PEACE TEE EEAR MGA TE EN AT} THE 1 “A CER SEEK «°° NOTAS = YEE) EE RG SE IPRS EA: HE | ORS NY A ‘ K HEDD BANI RAO] - > AT * OY OES BATY - & BY SAIT A * AE «5 7= PS . EY) - IOE 4.2 FGE7 E'S SE 3! RET . 0 BERN POAT %. AES) AXE CAS F",visual_review,final_ref=CarImagesFinal/IMG_9115.png
IMG_9116.png,CarImagesCardFill/IMG_9116.png,OcrZoom/OCR_IMG_9116.png,ok,,B&O,B&O,600401,,Hopper,LO,Gray,200000,204500,58500,8-66,BO600401,BO,40,3.8,76,"A ONE SE —_S O~EEE —- - A ; _ SAI - SEE AE EEE NE F< A “ BENASSI EEE AE O-ER AGRA"" OS ALL TP TE RAY HT ""| WORE . EES AED ES ATTE PA TE LANT IE : '"" LETHLS 2, 5 } : . 5, TN ETA EK 7 2 ""SETE YES PE LTT ° ' WED. OIE CHET, FE: T WE: AS AA .2 2 EOS ON: FEES : 18) SEEDER EEE ESE: ‘AE, ” OO OP UE . REE ART WE R ? SYA AIS *T AS AE V . OW A FIONA PE EK IE ‘ OPE, AH EA - P AT SA EEE PTE TEG, >, AYE TT INS M",visual_review,final_ref=CarImagesFinal/IMG_9116.png
IMG_9117.png,CarImagesCardFill/IMG_9117.png,OcrZoom/OCR_IMG_9117.png,ok,,KSMX,KSMX,105,,Hopper,LO,Gray,140000,157500,52500,10-47,KSMX105,KSMX,34,3.3,66,"5 PS ME, ' - 7M = FE . I T : CIN BRUTE G : * . “ “ ' “A 3 1- SO > 7? A AS RE ‘ . WIG"" BF A: EE PES 7 , , : : AE A HY) 4 * \ IN VERE > - PAST A ; AS DINE RAE NET OVEN! ME: BES FEAR BAE 1 = =* . ONE SIA 3 + % A . H . A . : , “AL REPORT ILAND: | A 1 HY 1 E: SH IE APA IO ET 4 SJ A RICE ETER OG L EE TE NFTES N . | | +H = EAE PECT AN 2 RS . . ~ OT ‘ = } ' A + \ EO PONY SSE OY - = . ' * . 7 / FT C ‘ 1 A,",visual_review,final_ref=CarImagesFinal/IMG_9117.png; Kosmos Portland cement hopper
IMG_9118.png,CarImagesCardFill/IMG_9118.png,OcrZoom/OCR_IMG_9118.png,ok,,B&O,B&O,631140,,Hopper,LO,Gray,454000,168100,,,BO631140,BO,34,3.3,66,MEE | AREAL YEA - EA RY AL : ; FE ; 5 | ; I ; | | | | | OY 1 ROK P PAN | F- S ; OE : | EE | 1631 140 - I GAPY 454000 LO : A BI --! LD LMT 168100 | LR | RER” TSOO AWE EE TT HL BAKE «IE ETARY: WR - —— SS IE I. SF . — — SE EE REE ———— . ES —F — A: ELE ~ SQHECEENEE SAS # TT: — \ WS A _ - OT HEER — LAKE WS CT SE SE NESSA OE A RO — SERRA < SSE. ‘ —- WATE ACNE TE ——————’ — A = - << _- — —— —— — X I 3 - E,visual_review,final_ref=CarImagesFinal/IMG_9118.png
IMG_9119.png,CarImagesCardFill/IMG_9119.png,OcrZoom/OCR_IMG_9119.png,ok,,B&O,B&O,600421,,Hopper,LO,Gray,200000,204500,58500,8-66,BO600421,BO,40,3.8,76,"~_— EE, . AIG, <TE , =” - — . . I"" ’ ES T R 1 ° “ ? . ’ MO “R: [A A IE BS AE: : K OE OZS OPIE: . ONT A ES F TE): NERITE AINT Y : 1 7 —_ D AE SANDE ETE ET ET A FAYE A! SSLENE TE RF AE =>,0, ERE WN ‘ RE ES * AN AE EES A A A I RT ——= = — ~ _- — =E “\- RY N VEA R - — —.-- —- RD RG 7 HW -_—- = OO _— AA NS ~ 4 ——T — — —— — “=> —— — —-——_—_ —S —_—— HES SS = “ == = RE OO SA = EE EE RSG TS VEOH WATE - - AA",visual_review,final_ref=CarImagesFinal/IMG_9119.png
IMG_9120.png,CarImagesCardFill/IMG_9120.png,OcrZoom/OCR_IMG_9120.png,ok,,CB&Q,CB&Q,171856,,Hopper,HT,Black,140000,162800,47200,1-62,CBQ171856,CBQ,40,3.8,76,"| ———— EE | | |_| IE. L H BX A CAPACITY (40D0RO HT LOAD LIMIF 167800 | 1 7 1 A S G LICST WT 477O CHT I -B? NS 5S ; = ‘AR Y D | AUDINETON | UTIIN ETON AT , ; —————— | | NOUTE OF . MB. CH4&Q COAD LM 167600 THE ZEPHYAS A! I 1 7 1 | 5 B LICHT WT A7V¥O CONT ID? CRS . 7 | PO ¥ G ~~ ~ A , PIS AP AE. A. | ~ A",visual_review,final_ref=CarImagesFinal/IMG_9120.png; Burlington Route hopper
IMG_9121.png,CarImagesCardFill/IMG_9121.png,OcrZoom/OCR_IMG_9121.png,ok,,UTLX,UTLX,39042,,Tank,,Black,110000,,44900,4-49,UTLX39042,UTLX,40,3.8,76,"( 4 ~ —EEES ) | , } _ EE ; A | OS A ATH OE EE — EY I .! - 4 J OS PE \ 1 ) 7 A EE _ MATTIS, — SEE EE EE — — - = A — ——-* AE IOE PORY ERA) »",visual_review,final_ref=CarImagesFinal/IMG_9121.png; Union Tank Car
IMG_9122.png,CarImagesCardFill/IMG_9122.png,OcrZoom/OCR_IMG_9122.png,ok,,C&O,C&O,2052,,Hopper,LO,Yellow,154000,157800,62200,1-81,CO2052,CO,40,3.8,76,"- PE ==> LAT A A ' F F ; . —* = ; ; , . { _ . _: : . ; A ——_ —— 7 IN AS ——— _ - — — = TE NE TT | $ I ; 1 L I __ ~ . . HE PIN WE (I LY LE , YYY US F I ; * I HESE 4 : : WE ER PRT = A. ALL Q I, YE A = ; URE VAT IN & KR? 7 BL , : REER, E + 7 ~— __! EN ES EES, A I — —— ——— = -—- ——— -_—- I | E A — I & T EE VAR A\ : CE AS _A— <A . WIT A = = = ~ —— —_—_—_- -RORR- — CP EE EE 7 ; _. -_ — —- - — . A A _ — —",visual_review,final_ref=CarImagesFinal/IMG_9122.png; Chessie System covered hopper; Chessie System C&O 2052 covered hopper
IMG_9124.png,CarImagesCardFill/IMG_9124.png,OcrZoom/OCR_IMG_9124.png,ok,,B&O,B&O,628038,,Hopper,LO,Yellow,154000,157800,62200,5-78,BO628038,BO,40,3.8,76,"™ . . EE + MY : 7 WW . “ PAT ¥ V | A * SEE A ————_—_——$= ——————— SE A . . 7 —— EEE A OE: ; K OS "" I 3 ; GE EI E % ; Y OS . ' - I “J Y —— OF IE: _ = - 7 . ROM | “D : [ ' A _ YS —! . _ EE A ; A 4 CI: MI TORIECMINMES I AE. AA, IE EE EE << CECE = IAICE EEE EE OY EE A | I 5 [ A ——. -_ A = ; 4 - ES — — —— _— -- AE -—O ~ IY .- — WA: : PR — — —E A = ~«",visual_review,final_ref=CarImagesFinal/IMG_9124.png; Chessie System B&O hopper
IMG_9125.png,CarImagesCardFill/IMG_9125.png,OcrZoom/OCR_IMG_9125.png,ok,,NYC,NYC,47516,,Boxcar,XM,Green,90000,101900,67100,10-60,NYC47516,NYC,50,4.4,88,"OS SE EE EE OK EE A 606-5 CMYYY 10 7 MR 14-0 AD 9S BI IGA F> | GO FR 1P-4 @ 10 BIND MIT 5O #0 IVY OE | CURVY 4G4E JL 5 HA EE . = A. YEE I RE A A | DE 7 ME GE | RN I ED WQVR=_ =~ S96E-B _— CU VY IO F ME 54° RV AC WW ES P=] IG A APY S0000 «KAT RN IA AO I IM E@ 50 LO INTR 1O19S00 £3 MUTT FO 8A IV , ER | CUR TY 4946 LR WAT 67 1 RATS) MEW £0 60 AQ A A ’ _I\ I = __ - —__—",visual_review,final_ref=CarImagesFinal/IMG_9125.png; NYC jade green boxcar
IMG_9126.png,CarImagesCardFill/IMG_9126.png,OcrZoom/OCR_IMG_9126.png,ok,,RMLI,RMLI,2018,,Boxcar,,Blue,,,,,RMLI2018,RMLI,,,,ES. EEE O—=E=SSSSA ARE PRESERVE LONG ISLAND & PENNSYLVANIA RAILROADING HISTORY : SUPPORT THE RESTORATION OF STEAM LOCOMOTIVE 739 : IS ‘ - ' WEE ET EE ONS LIRR « : GJ L JOINT PROTECT OF THE STRASSLRS BAT AOAP CD | PRESERVE LONG ISLAND & PENNSYLVANIA RAILROADING HISTORY 1190) AND THE RATLROAD MUSEUM CF ONG TSAND SO SUPPORT THE RESTORATION OF STEAM LOCOMOTIVE 739 —==_ = =— . —— ~~,visual_review,final_ref=CarImagesFinal/IMG_9126.png; RMLI Steam Up promotional boxcar; not in car roster
IMG_9127.png,CarImagesCardFill/IMG_9127.png,OcrZoom/OCR_IMG_9127.png,ok,,B&O,B&O,371604,,Gondola,GB,Gray,140000,154600,56600,11-51,BO371604,BO,50,4.4,88,"PEN NSY LVA NTA 371 604 CAPY 140000 LT WT 56600 LD LMT 154600 NEW 11-51 — 4 JE EE EE OO _ = — EE A PEN NSY LVA NIA 371 604 A CAPY 140000 LT WT 56600 CU. FY. 2360 LD LMT 164600 NEW 11-51 — = G3IC = EEE. SEE ———O~""—‘ILCUN “ ) UA,",visual_review,final_ref=CarImagesFinal/IMG_9127.png; PRR gondola relettered B&O
IMG_9128.png,CarImagesCardFill/IMG_9128.png,OcrZoom/OCR_IMG_9128.png,ok,,B&O,B&O,283057,,Boxcar,XM,Brown,100000,121000,56400,2-51,BO283057,BO,50,4.4,88,| B&O CA PY 1O0N000 XM LDLMT 12)000 LT WT 56400 HO 6-7] JU FO A — A: ANEAOM — EE : } 8 QO BALTIMORE & OHIO LDEPENDASILITY | B&O E8308 LN : A LDLMT 121/000 TE 3S A WK LT WT 56400 HO 6-7) EAT AD-TI] PUR A SH ‘ — EE 7 ; EE . 7 —,visual_review,final_ref=CarImagesFinal/IMG_9128.png; B&O Sentinel boxcar
IMG_9129.png,CarImagesCardFill/IMG_9129.png,OcrZoom/OCR_IMG_9129.png,ok,,CR,CR,477935,,Hopper,HT,Brown,200000,204300,58700,12-77,CR477935,CR,,,,"EE CONRAIL & ER ; @ AT 79 35 ° } | ~~ ALEE! APY ZONOON HT < LDILMT 204300 PEZ B -~. LT WT 68700 12-77 @ | | OM, CONRAIL : —* | CR : R - - A7 , _ = A <_ LDIMT 204300 PEZ _ _ J ‘ AY . LT WT 58700 12-77 IDD =~ A @T A | | — HOM, ; —",visual_review,final_ref=CarImagesFinal/IMG_9129.png; Conrail hopper; not in car roster
IMG_9130.png,CarImagesCardFill/IMG_9130.png,OcrZoom/OCR_IMG_9130.png,ok,,RMP,RMP,50,,Boxcar,,Black,,,,,RMP50,RMP,,,,"= — ——""# 4, (LAS : O —_ EE SOUL V = | —~ © LERMA DE T WAD AD JU ""1 Y (AIT: I SS \ I, EE Z SE CSI 1 ~ __K E ~ A AE A, I FH. A TE : _ EE AE - §9U1 —- _ EY 4E ; ‘¢ FI ‘~M “ E - L ON, AG | ‘EER TP AS SAL J A | , TST—IS RM J\ EEE",visual_review,final_ref=CarImagesFinal/IMG_9130.png; Railroad Museum of PA 50th anniversary boxcar; not in roster
IMG_9131.png,CarImagesCardFill/IMG_9131.png,OcrZoom/OCR_IMG_9131.png,ok,,B&O,B&O,8417,,Flatcar,,Black,140000,149000,61000,12-53,BO8417,BO,53,4.7,94,"— —— =. OAD _ . “ _ J - R. ' . . X — ; . FIS * } F J ; . F J ‘ 2 , . : ‘ | F ' ; OR | WE I JOR ' T T EE RA < . - PE ‘ F- ' - ‘ Z J F ROCEE NM « OO. - OW A A “ALE OT, OM. AY BEE FEET 3) BY S) OE) NAS NIS AR) HE F- TI TLE ABL DAE HEE STARS BE £ : . SE GRAVEN RWAEETY CANEY YR OO ER +) . EI EE . ; _ 7 — ; OS _ —_ EE \ _ SEN - EA X ™ -~—- X ERC, TI —S AMARE - —— -_— + TEE OE , ELA OF FI P . 11D 4 IIT B",visual_review,final_ref=CarImagesFinal/IMG_9131.png
IMG_9132.png,CarImagesCardFill/IMG_9132.png,OcrZoom/OCR_IMG_9132.png,ok,,B&O,B&O,8300,,Coil,,Gray,150000,153700,66300,12-68,BO8300,BO,55,4.8,96,"A. - ! ; F : ~ * 5 WT ==) CRVIEATA . = —— - =. - 2 . 3 OSM MAYEN MENS - . A 3 . ’ LA ~ ERIE - = . ERE ONT WIS . LT} ES I . ‘ : *. END . EE OR. 7 S. . SHAG PS IA . AW . SE BE TH CHAR * IE EK A AE , OR} . BASE A R AY: OT - 5 RT OS RS ED A ”. “3 TAE . ""A “S . + SE | SEO RA . “UI “ TQ .. . 2 - . : TOU PA A AOR A S' ‘OG BEF . 1 AE TM OI 4 - A : F EAE |R AE) R; : 7 . PRETE! A . ; 3 . - A ? A 4 FIA IE 2 ",visual_review,final_ref=CarImagesFinal/IMG_9132.png; B&O cushion coil car
IMG_9133.png,CarImagesCardFill/IMG_9133.png,OcrZoom/OCR_IMG_9133.png,ok,,UTLX,UTLX,36299,,Tank,,Black,100000,,49550,9-50,UTLX36299,UTLX,,,,"LEE EE &, AN A | PATE TABACI ; EEE EE A EL GP AL : , = ———————— O— (‘AE A F RD SAD PE AE == PY BY -A° 4 I . SPY” ~~ ""I 2 =; RIT PHE A M—~. TIN) WA DE? 1 Y IT I FAD! STU J IPEAER ATH I AP! F = ‘A 7 OE, EE AE A | — . . UIRXITS PASH C4H 6 O . » Q VY REL IF ZÉ CYT + E. RR’ O I K I, IF MA EE AA AED ; AE OE | [HATE TATARA —— —— ———EEE EE EET EMS MGA OM MEE EM — — PA , ——— O—SE + —— — — —_ :_ —_- = ——T— ",visual_review,final_ref=CarImagesFinal/IMG_9133.png; Eastman Chemical tank
IMG_9134.png,CarImagesCardFill/IMG_9134.png,OcrZoom/OCR_IMG_9134.png,ok,,MOW,MOW,0017,,MOW,,Black,,,,,MOW0017,MOW,40,3.8,76,MAINTENANCE OF WAY QOLG Y K WEED SPRAYER MAINTENANCE OF WAY SERVICE ONLY OO1G Y ¥,visual_review,final_ref=CarImagesFinal/IMG_9134.png; Maintenance of Way weed sprayer tank
IMG_9135.png,CarImagesCardFill/IMG_9135.png,OcrZoom/OCR_IMG_9135.png,ok,,PRR,PRR,728012,,Hopper,,Orange,110000,,,3-17,PRR728012,PRR,,,,",. PE NNSY LVAN IL F OS. 728 012 A 14S 4 0 TS I | AE ‘ARPACT.IY AUTTTTIT TE , PA : PIIOWS, 3G 2OOE1LG LF A Y ——=_=$=—$=S¥X™A—R———— A H. PE NNSY LVAN IA L INES LAT TE A¢ SO ET EE ES PM, TARAPTTY SUNITA TURES 17 HH WE SARS ~ PÉ' PISRUW. 6 2OOELGE PEE ABE. BETULA FS ‘ BIAS ° 2 ~R ¥ A —_——_—S OS —_ _= . ES —- — ER = =",visual_review,final_ref=CarImagesFinal/IMG_9135.png; Pennsylvania Lines GLA hopper; not in car roster
IMG_9136.png,CarImagesCardFill/IMG_9136.png,OcrZoom/OCR_IMG_9136.png,ok,,PRR,PRR,702186,,Hopper,,Brown,100000,131400,37600,11-06,PRR702186,PRR,,,,"ER 7A - PE NN & . : CAPY 100000 D —> LDLMT 131400 LT WT 37600 ES TOI—«,,. = —— ————E ‘ F PENNSYLVANIA FT A ; : CAPY 100000 Z O 2 1 8 6 CUFT 1683 "" ~ _ 7 LD LMT 131400 LT WY 37600 P50 355 BLT 11-06 CLA _ R A A YF —_—~— WR YY ES _——— | A = OS) EE",visual_review,final_ref=CarImagesFinal/IMG_9136.png; Pennsylvania GLA hopper; not in car roster
IMG_9137.png,CarImagesCardFill/IMG_9137.png,OcrZoom/OCR_IMG_9137.png,ok,,C&O,C&O,ST1,,MOW,,Blue,,,80000,,COST1,CO,40,3.8,76,"| É _ : SE ; — NN =R... SY LIE AE A. C A : = 0 OD LALLA. — = + MM } : , : ' - - NO ~_____# AIENTSUR KS TW 148 O68 A A —_—_$—$—_——— ~= =E OS = - — S| ; IS ‘~ “A — OE I AN : =R RTS BI AE OE NEERS EE EEE IE +3 FA",visual_review,final_ref=CarImagesFinal/IMG_9137.png; C&O Chessie scale test car; LT WT 80000 lbs
IMG_9138.png,CarImagesCardFill/IMG_9138.png,OcrZoom/OCR_IMG_9138.png,ok,,C&O,C&O,377700,,MOW,,Black,,,,,CO377700,CO,,7.2,144,1 PE —_— SA ERE =E — 7 C & O WT 377700 | VAL » \ Y % | A : —— > ———_ AN = A CS AE OA! ; - _— ; IA 7 ER EEE _ YO “ A: WT 377700 PV A SS,visual_review,final_ref=CarImagesFinal/IMG_9138.png; C&O industrial crane car; side reads WC 2
IMG_9139.png,CarImagesCardFill/IMG_9139.png,OcrZoom/OCR_IMG_9139.png,ok,,C&O,C&O,W86,,MOW,,Green,,,,,COW86,CO,,,,"| X . . — A ES _ ME NE, FA ; \ \ -_ | — OS A _",visual_review,final_ref=CarImagesFinal/IMG_9139.png; C&O MOW camp/flat car; not in car roster
IMG_9140.png,CarImagesCardFill/IMG_9140.png,OcrZoom/OCR_IMG_9140.png,ok,,C&O,C&O,306607,,Coil,,Blue,,,,,CO306607,CO,52,4.6,92,". ' I] AL -_ - = BD SI ' | OE .* = % ; Q PE CN EAE LA VEEL TEE RAION STB BP EC EE ER OE AN NOE EAL —_ A — I ~ <A = ME AT, RO ES SEO ID 2 PE, NN MEE OE AD > 5A AR AN IES EO — = : “J AF] : ET FF “WE, T. PE RE TE 5 * STS 4 RE, LIZE . : ‘ R . . 2 - = J \ ° ""0 E, AI -* S ' . { FY É A! \ ~ TOW -— - É WE > "" R \ ‘PAIAH É 7 » | "" F) PE TENT! | F A OX >” N ABAN YF SEANA S27 PANA OTH ABEL CRS SAAB ET ISL .,",visual_review,final_ref=CarImagesFinal/IMG_9140.png; C&O/B&O coil car
IMG_9141.png,CarImagesCardFill/IMG_9141.png,OcrZoom/OCR_IMG_9141.png,ok,,B&O,B&O,73133,,Hopper,,Black,140000,168400,51600,9-74,BO73133,BO,45,4.1,82,"— MOT OO RY . ! VOOFS +) A EE ~ _. —_--« - -— -- - - --—-.. _— —- — 3 ™~ IF ICT I AE .. ARI . NC RE . ; ’ F(- . NOR ZY I - UE SE. ‘ ZE ; . EX GA - : ” MY MY _ . _ | . = AY ' , ; 7 F° OT! « ' ,. FE + A =, EE -~ EEE ———N— OR OO ———————————— WE —_- — — ——— A) AE = _ = - = : - - - -_—— : —.- : *",visual_review,final_ref=CarImagesFinal/IMG_9141.png; Chessie System B&O coal hopper
IMG_9142.png,CarImagesCardFill/IMG_9142.png,OcrZoom/OCR_IMG_9142.png,ok,,B&O,B&O,551470,,Gondola,GB,Black,154000,150000,63100,,BO551470,BO,50,4.4,88,"OY MAO CEPT EKE LO LET (ONG CD LY HI C3164 [HTE E P JS | : ~, 1 IND É WOOT TAS REPT PERU LY A - ON IER AIA SO OV, GE SO TT A AS ALAS A A ON PE OE MERS -- : ‘ , : 2 5",visual_review,final_ref=CarImagesFinal/IMG_9142.png
IMG_9143.png,CarImagesCardFill/IMG_9143.png,OcrZoom/OCR_IMG_9143.png,ok,,B&O,B&O,283069,,Boxcar,XM,Brown,100000,121000,56400,6-62,BO283069,BO,50,4.4,88,"=. IE EE I EN I | NN MR YLRRN’"""""" A QASR WA CGS CAPY JQOOOD AM LDLMT 12000 [ LT WT 56400 HO6 TI I ~ . AE __ AE __ A A. ——— A — ——. — ——-- — — = A BALTIMORE & OHIO B & ED LAVIGE DEPENDABILITY B&O 253069. A FEE — “ YL. NET. AN AE J",visual_review,final_ref=CarImagesFinal/IMG_9143.png; B&O Sentinel boxcar
IMG_9144.png,CarImagesCardFill/IMG_9144.png,OcrZoom/OCR_IMG_9144.png,ok,,PRR,PRR,474563,,Flatcar,,Brown,140000,157200,52300,12-34,PRR474563,PRR,50,4.4,88,"< UE ? PR - A AMS ME A CALE AD A OE ST _ A EE YP TE? OO GE PEPE AAA EED — -_ 2 TO AE I ) : 7 =) TE A / < ~~ . > ~ - . Y ‘ MA SE A —S OE SY RY FU IS OE - P - A 4 ; WA AY ; ~ . .F ; , RR U } F J PP D , 5 P AN * AF ~ 7 S —— 8S. C PE . ' - I EE EE EE DE NR ER AT? ME A EN REE AE AIE A AN = BT ASS OR CC EN, RONAN SG CO” OY OR AC CL EE YA EEE FO EE RAE SSE SS WE AE, GET A ELE VEET AKSD TAS IO BA OE REE R",visual_review,final_ref=CarImagesFinal/IMG_9144.png; PRR flatcar
IMG_9145.png,CarImagesCardFill/IMG_9145.png,OcrZoom/OCR_IMG_9145.png,ok,,SHPX,SHPX,22329,,Tank,,Black,110000,,44900,12-49,SHPX22329,SHPX,40,3.8,76,"| SHIPPERS CAR LINE CORP. OO A, SHPX. 22323 A A 2 JU { YE | SHIPPERS CAR LINE CORP. SE ISAN | LEE ACAR OW | SHPX. 223E9 OE W A » ( -— MD A S PS A EE. —_ - A - JY EE WI J\ I ) J | | ARA I= FAM NAT",visual_review,final_ref=CarImagesFinal/IMG_9145.png; Shippers Car Line tank
IMG_9146.png,CarImagesCardFill/IMG_9146.png,OcrZoom/OCR_IMG_9146.png,ok,,GATX,GATX,31090,,Tank,,Black,110000,,44900,12-49,GATX31090,GATX,40,3.8,76,"; UE FO FH EAE OE SEE LS UAE WY ¥ R —_—- IOE }* —_ _ A RAL PONT EDU PONT DE NEMOURS &CO. = “ERS (EE A. =Z CEE 4 V ——— OT =A ————_ — . T 7"" | } \ PI ? AN SAVE BASAL, [| EES",visual_review,final_ref=CarImagesFinal/IMG_9146.png; DuPont leased tank
IMG_9147.png,CarImagesCardFill/IMG_9147.png,OcrZoom/OCR_IMG_9147.png,ok,,EL,EL,8063,,Flatcar,LO,Black,154000,155800,63200,7-42,EL8063,EL,52,4.6,92,"{SK YY ; LOLA 155600 LE YL G/GU (DIE FY? WI SH I OR OS "" AC ~~ AE PAL TAT DS ES EE ATER AT IC AETIG BITE AE 4 I DANE 3 SE IS OT EAE OM CY WN HE CHEY ILIES | | AST E CY LO LAT 155600 LO WDU L¥WE = G32GU WISE 4 AY | . | A J OH ETN SS A I ANV SE TDS FE CHAT OT AGES RAY TE BA IRE PIANO PRAYS ESE BL DED 9 OR SR OO 2 SATES I MATAS 4 PRICES BADE ERATCERE MEEREE? OR ES SIMS ME CS AE FOS WE NI LEA LI LITE ",visual_review,final_ref=CarImagesFinal/IMG_9147.png
IMG_9149.png,CarImagesCardFill/IMG_9149.png,OcrZoom/OCR_IMG_9149.png,ok,,B&O,B&O,8476,,Flatcar,,Black,140000,149000,61000,12-53,BO8476,BO,53,4.7,94,"| AAD SS IE > —— _ — — = = . — _ ‘4 73 = AE FIIROATS > SD ‘ PUES! F M 3 SE - —— ; - , I EA EL EE ’ ~~ AO SO — = F ' I - + (ATTY L POURIEAAL ~= I, I A RE 1P TIL MM ATRARESE 25 STE = PEL A ’ IY B&O GSLETG OW VO NEW 14 ‘ I> AL ’ A - A — ” EMT NR = —- EEE —— — A —. — “~ ; APACE ,",visual_review,final_ref=CarImagesFinal/IMG_9149.png
IMG_9150.png,CarImagesCardFill/IMG_9150.png,OcrZoom/OCR_IMG_9150.png,ok,,C&O,C&O,2063,,Hopper,LO,Yellow,154000,157900,62100,6-78,CO2063,CO,40,3.8,76,". = —— ~ _ — == HA * I ""ES A EE EE A A A NN - _ T ¥ "" I OJ L . . . . YS A —— - FA! . R ~~ | A Y _— 4 W- — A , A 2 EE Q - NEEN - ‘ — = A RL _ | 4 = IOS I ; T , IS 1 4 : ; ; I 4 * OS ES ° A ‘ _ — , T WE PROD IY CJ: - MALL JG { _ - 5 ‘A » 4 M 7 + > £4 = 4 Y ~ —_— — OO = — OO - - . I “= I — 7 —— OES EIS —",visual_review,final_ref=CarImagesFinal/IMG_9150.png; Chessie System C&O 2063 covered hopper
IMG_9151.png,CarImagesCardFill/IMG_9151.png,OcrZoom/OCR_IMG_9151.png,ok,,KSMX,KSMX,110,,Hopper,LO,Gray,140000,157500,52500,10-47,KSMX110,KSMX,34,3.3,66,"SES 1 EA CN —-. — == MS . _ BITS EN : ' AS - & A ‘ ¥ : . 9. DTS A MR ES IE S ME WAD ROG A A A . 4 7 3 = . OS *- =. ‘ ’. = . = - “ON 7 OA OE, , . IW A -'@: , \ 5. . A A ‘ E . . , . SAG T, 2 5° HY * * A . ME I P EES WI BS S. OU 1 ' S .4 7 4 CE: BI I ? IHE , 7 5 PE ~ (F AL AED P. * ATT AE > TG . ~ I). EE AOR. * AE A. 7 ‘ A SS 4, = ARE .* % SE “OS S F ‘ I : “A = . : : CEE Q ~ EL = 4 BEE OVE A OO “S NE",visual_review,final_ref=CarImagesFinal/IMG_9151.png; Kosmos Portland cement hopper
IMG_9152.png,CarImagesCardFill/IMG_9152.png,OcrZoom/OCR_IMG_9152.png,ok,,,,,,Boxcar,,Red,,,,,,,,,,"+ * + * + % DE LE + +"" KO X * BI SE KY YAA, X” 4% X * * * | "" WY K A® FF EN "" LL B X 4 *% A” X E* X EI, REA NITE IEEE "" | > SS WI 1 | B A EE A 7 - _ AE EED EEE : - ; —— - ~~ — —— A S",visual_review,final_ref=CarImagesFinal/IMG_9152.png; United We Stand patriotic boxcar; no road number
IMG_9153.png,CarImagesCardFill/IMG_9153.png,OcrZoom/OCR_IMG_9153.png,ok,,PRR,PRR,498647,,Tank,,Black,310,,,,PRR498647,PRR,40,3.8,76,", SEO PENN IM 4 QE, 3 A PENNSYLVANIA A 498647 D CAPY 310G000 LRWRT 37400 ; ATOS — P| V > BOS, C WHY FE GN ; AD DSL EE EEE ‘,¢ : = = ANA = A? : | CARY 2501 GAL . APY 1755 GAL CARY 2511 DAS : RAL I )0”TCTÉ«@ == IX -! PENNSYLVANIA IOE A 498647 ~ LOR WT 97400 ! ‘ A EEE. ST A — A) EST EEE EEE ME LN — OM V PN E BA I —= SR VRZ = A —— =) —— = = == —= RE — AS = —",visual_review,final_ref=CarImagesFinal/IMG_9153.png
IMG_9154.png,CarImagesCardFill/IMG_9154.png,OcrZoom/OCR_IMG_9154.png,ok,,B&O,B&O,8405,,Flatcar,,Black,140000,149000,61000,12-53,BO8405,BO,53,4.7,94,"= -_ _ * TR PA ALE A ATT = R ASD 7 F . F IE 4 4 - AL O Y + O J S 4 / - 3 É 3 = ~ ALL PAT EE CA EI F, A EO AMEN *~ I - I 7 A TM EH A“ ; FI GHEE PO. 4 . ' ' : OE AA TE AGER ET ER AS NE SR SEKEREASKAG DSR POE = 5 STTY ED OE OR, <”™ . BAL XS OR OA TE WE ~ ) MES FAE AD RETELL RA SE FA ERE A, ATTE REO = -. TTT EA : É A BATH : PEA ‘ AE NOE NON : . FR TAGE EE É VO SY A TG AV AE AS ES AY A PR ALI 4 GA MEH ",visual_review,final_ref=CarImagesFinal/IMG_9154.png
IMG_9155.png,CarImagesCardFill/IMG_9155.png,OcrZoom/OCR_IMG_9155.png,ok,,RDG,RDG,99143,,Coil,,Green,197000,199300,63700,3-75,RDG99143,RDG,55,4.8,96,"= AY PEA . : ' F 3 ” AE OE ; OFS VOY ASA ; A “ RI HU? _ ; 7 EE. - - - NOE < = —.,"" R IENIEEE” EE ~*~ , = — A, —— ——— TT OO _—— ———— — = SO AE W I AT I, : “ : : A8 PE A TATAKDD | 5 =A W"" AIE EL OM - —_— ROI EL — SA. PO ADIL — — OS - . | . ——— EE —— SY AE EEE ET —— — —— = EMMA = = —— AES OE ' _ = = PELA - <A ET EE (7 AE — _— . A",visual_review,final_ref=CarImagesFinal/IMG_9155.png; Reading coil car
IMG_9156.png,CarImagesCardFill/IMG_9156.png,OcrZoom/OCR_IMG_9156.png,ok,,B&O,B&O,11137,,Hopper,,Black,140000,167900,55400,1-53,BO11137,BO,40,3.8,76,") / LL LIVE = CAPY 140000 L P A LD LMT 1679090 P2519 64: LT WT 55400 A ¥ HY A - Y ~~ | | 11 132 7 “| F ! : CAPY 1400090 ; | I P A LD LMT 1679096 P2519 64: BATS AN —. LT WT 55400 MEEE _ CORT WIE . . 7 ' 7 WH MZ, - ~ —, A - — ~ — — . — ———— EE ~ — RES 7 = ~~ — EET",visual_review,final_ref=CarImagesFinal/IMG_9156.png
IMG_9157.png,CarImagesCardFill/IMG_9157.png,OcrZoom/OCR_IMG_9157.png,ok,,B&O,B&O,11027,,Hopper,,Black,140000,167900,55400,1-58,BO11027,BO,40,3.8,76,) » B& QO IW 11 O2Z I ~ C 4 —— = CAPY 1A4A00A00 _ IL » ° LD LMT 1E7D000 P2519 64 ; LT WT 55400 AT | Y Y | ACME _ Y > B& O : { IJ. 11 O2¢ <1) CAPY 1140000 ; A A _ FL » - - LD LMT 167900 P2519 64 | OF _ = | LT WT 551.00 MIN ENE TMES A | Y~—=—(‘<‘ YR £§$#+;«»XN R ; Y ~~ —* _ EE RE EE __ALLSSIE® —— —E — S=. NE EIN _.-- =E = SIM =R —,visual_review,final_ref=CarImagesFinal/IMG_9157.png
IMG_9158.png,CarImagesCardFill/IMG_9158.png,OcrZoom/OCR_IMG_9158.png,ok,,B&O,B&O,10389,,Hopper,,Black,140000,167900,55400,1-56,BO10389,BO,40,3.8,76,"——— EEE =>? ; B& O ) B _ ; I71O0000 | "" NA € P2519 G4. L — LD LMT 167200 LT WT S52400 F A, “ : ; A ~ “H - ——_EEEESS ENED ‘ 4 : I4000060 . ——> | AF CNR* ‘ € P2519 G4. WOOS . | - LD LMT 167900 CO CME — CU REDE LT WT 55400 ' , A . ¥ 7 A ‘A Y ~~ 7 — ~ A = — ES",visual_review,final_ref=CarImagesFinal/IMG_9158.png
IMG_9159.png,CarImagesCardFill/IMG_9159.png,OcrZoom/OCR_IMG_9159.png,ok,,B&O,B&O,31000,,Hopper,,Black,,,,12-13,BO31000,BO,34,3.3,66,"7 BAL TIM ORE &O I~ 31000 MM . CAPY IGONU) A PMPARY JZ9EOR J = _ EE EE RE 89 NEW 12-13 ‘ ” | SUN ’ —— C—O WH GRE S G ®, — —EE - BAL TIM ORE &O HIO { J 31000 MA | | | O KE ETP PISO Q! | | | | . CARPY GOOD | POP AVE J2E3 _ L —_ ~ A NEW F2--13 PRAIA A “ F — 4 \ 7 V HEN ‘ 5 A MM “AS T MY A EM",visual_review,final_ref=CarImagesFinal/IMG_9159.png
IMG_9160.png,CarImagesCardFill/IMG_9160.png,OcrZoom/OCR_IMG_9160.png,ok,,B&O,B&O,30963,,Hopper,,Black,,,,,BO30963,BO,34,3.3,66,EE - RAIL TIM ORE &O LM 30963 FO ~ CAPS JONA JR HSE F2TDAI.ESFI | AE. A TI “443 O50 SW DEE 14 { | OD - ; SE OO Z - . “SE ~ _ EE - EE “EL FOR 7 <> ¥ V = 3 RE —E —————— ER BAL TIM ORE &O HIG (| LL LM 30963 OOL ZZ _ CAPS IONIUDY _—E | \ | 1 —_ SUSF HYE OE <A EE EIN VIEW JE> 0A A AST TO ” ™ F = - . ‘ 1,visual_review,final_ref=CarImagesFinal/IMG_9160.png
IMG_9161.png,CarImagesCardFill/IMG_9161.png,OcrZoom/OCR_IMG_9161.png,ok,,B&O,B&O,30222,,Hopper,,Black,,,,,BO30222,BO,34,3.3,66,"— ———— — —___ —— BAL TIM ORE &O ~~ 30222 HM! | COFE DEE EDEN J A — OE EAE DREI [AVD $Y DOF A TT YS — \ R J& —AE SE { WE CR EGS ~ A ——————_. ——— — — TOXT> BAL TIM ORE &O HIO ‘ | : L ~~ 30222 7 MA ~~ AE COTE COLE EEN "" | ' | J — — PIAL BEAN = PYWET SON EAE LE! A PEPE GE J& \ —— 8 ED —_— == =",visual_review,final_ref=CarImagesFinal/IMG_9161.png
IMG_9162.png,CarImagesCardFill/IMG_9162.png,OcrZoom/OCR_IMG_9162.png,ok,,B&O,B&O,133007,,Hopper,HK,Black,110000,,49500,6-23,BO133007,BO,50,4.4,88,"B &QO - ~ MATE OANA SE 2Y260U TI # CAPACILY HOUND YT: “ - MOM $9500 6 24 * YO W ~~ - ~ . ; . ; —— A “LH ORE & O HYIO BAL TIM &: COKE B &O | ROOBA IH SSS Q ‘AI 58 CAABT SRNA | , DIST AL PLIS 1 OO OO ATL QARI CURSE 4 I} | —<—$—— —_—_—_—_—_——— KENTOINT. UL EMT > A ALLS WV PT “ON IIN ALT | I J ‘J R . VW -] UI SISVA AS OT BALAYT BTTRLAM 1% = A MEN 19500 © 23 PANEER - * BD - J ! | J\ A FUME Y —— AE ° . ",visual_review,final_ref=CarImagesFinal/IMG_9162.png; B&O coke hopper
IMG_9163.png,CarImagesCardFill/IMG_9163.png,OcrZoom/OCR_IMG_9163.png,ok,,B&O,B&O,132315,,Hopper,HK,Black,110000,,49500,6-23,BO132315,BO,50,4.4,88,"B &O | 32 315 — EET = A SS ERE U TT S - CAPACITY NYUEYENEY FT _— ME HS. AN-NO G21 Y V BAL TIM ORE §& O HIO COKE > K 2 TRIPLE § AENE . | ER CIOS DBATT CEB { —— LIRE EE A4 $33 CIO TS AIL “AFI EU J I . . RAY YY: J CUT FATE $ { . ° . | MER O - “SAAT E SR-FL AS S CAPACTI ¥ T)AEUE PAC AREN MC GE . A : : J ~ AE NOE SEN . =N, MIT 49°00 G ZL : : | = { A "" —_ 7 . _ : SR: UAE PH PAACABYMEN NN - ET EE VATER, ",visual_review,final_ref=CarImagesFinal/IMG_9163.png; B&O coke hopper
IMG_9164.png,CarImagesCardFill/IMG_9164.png,OcrZoom/OCR_IMG_9164.png,ok,,N&W,N&W,12988,,Hopper,,Black,440000,148300,49600,5-35,NW12988,NW,40,3.8,76,"NOR] : _ N & W 12988 1 ] — CAPY 440000 | LD LUAT 148300 LT VT 49600 NEVY 5-2 Y | D V Y ~~ A NORFOLK AND WESTERN LE VEWOEE NI & W A! J A CAPY 140000 EXW 10-5 H 12-7 LD LMT 148300 EW 9-6 H 13-2 = LT WT 49600 NEW 5-35 BLT 5-35 CUFT 3420 HL , —_—TY~ VV FT FW YAS SAREETEMIIIILINNMETEDIATNIAND _ 7 SS EC",visual_review,final_ref=CarImagesFinal/IMG_9164.png
IMG_9165.png,CarImagesCardFill/IMG_9165.png,OcrZoom/OCR_IMG_9165.png,ok,,N&W,N&W,12986,,Hopper,,Black,140000,146300,49600,5-35,NW12986,NW,40,3.8,76,= | | N & W 12986 IN P >. } A CAPY 140000 LO LMT 146300 LT WT 49600 NEW 5-3! Y Q 4 Y ALLI NORFOLK AND WESTERN | VEWUE N &S W A\ | | A CAPY 140000 EXW 10-5 H 12-7 _ LOLMT 146300 EW 9-6 H 13-2 | LT WT 496006 NEW 5-35 BLT 5-35 CUFT 3420 _/ ° . WA + ( . » A 4 2: NH EE,visual_review,final_ref=CarImagesFinal/IMG_9165.png
IMG_9166.png,CarImagesCardFill/IMG_9166.png,OcrZoom/OCR_IMG_9166.png,ok,,B&O,B&O,625509,,Hopper,,Black,,,,,BO625509,BO,40,3.8,76,">. E ~ . - A TA "" . : X » » A B&O 1» 5235509 TD HL A | ‘\ T ""VS 1YEREYE FY | , —_ CO * P B) GI VE 7 * BN. 13 * ¢ AA AL « PAULY £ SS ~~ ~ : : BA . ; = : - ‘ ~ < . ° ~ . - = » » A ’ B & O HSE MI 4 IT LP 16 625509 ME | R. F $ JEM EIAE --. SPT DS WALTEE HD | . MA F OFC 1 FEET NEY FE IJ AOT EE - : OE = 7 - EE —————E - $$ - : | ; - ; A A A OE AE 7 - EE - -_—- —_— — —— ———",visual_review,final_ref=CarImagesFinal/IMG_9166.png
IMG_9167.png,CarImagesCardFill/IMG_9167.png,OcrZoom/OCR_IMG_9167.png,ok,,B&O,B&O,625943,,Hopper,,Black,,,,,BO625943,BO,40,3.8,76,"| & QO YS 625 943 AM HH O ‘SIPS 1POANG | "" ~ @ TD I'D) 1 ONSEO 1] “I “EY 2) NT MW 5A | A , Y ~ SS A —— A - - - , I « . ASI I —==— / HEY B BE » VI A PAS 625943 — = A. A7 ~ ANE NEP TL WELT T NEES ‘ A » @ €SP% 1KOAQON8 WB 4 — MM ~~ « ~SSV~ ~~.“ | . IP 4) 1 OONSEO ~ = PP ® PO) FO200 NEB STG AE ME I ——__ ———— TT, A«' BS | £ \ ~ — ——— A GP —. - - —— EO — OOO —_A=AER EEE EEE — SSS ___\IAIEAIOME? = —_ ~ —",visual_review,final_ref=CarImagesFinal/IMG_9167.png
IMG_9168.png,CarImagesCardFill/IMG_9168.png,OcrZoom/OCR_IMG_9168.png,ok,,B&O,B&O,625238,,Hopper,,Black,140000,159800,50200,3-56,BO625238,BO,40,3.8,76,B —————————— AH 625235 A I PR (~ AN J ET.ESECT | : ADS AY EN PESAN FUE “FA OIE OA | RE _ =. \ SE I P5 ‘ . : - A SD _— I = 3 ETOIT _ ’ 4 % &. . 5 ; ISK FS ‘A2 PE | ON ~~ . 2 (~ TYE J BTECECTI WS ; ES = ‘ | ; “ ~ 1 ORE 1 FST) CA A; 2 : FUORI “FA CRITE -) 4 “GKE _ . LL NS LLL A) 4 G A A>. ) MA. == - — A 7 —- = --- — AE EE —SL>=— == . . ~ — — ~ —S WAESC= = — —— —,visual_review,final_ref=CarImagesFinal/IMG_9168.png
IMG_9169.png,CarImagesCardFill/IMG_9169.png,OcrZoom/OCR_IMG_9169.png,ok,,B&O,B&O,625082,,Hopper,,Black,,,,,BO625082,BO,40,3.8,76,"I B& O ~ 625082 = FALLIN — ~ FOYE SO PRYEATDTA | . ~ G 1, 1 4, § UTITPRIEE 1 OT. F ER RES EE ” ° | I ~ ATED = H — 7 OE BMOE CTS FY * | SAND = CYT I FF . | TTYLCETH ND ! ———— ———_. | ¥ — O , AD AEE. «4 = — EV EE — ——— _ . LOO. AAD",visual_review,final_ref=CarImagesFinal/IMG_9169.png
IMG_9170.png,CarImagesCardFill/IMG_9170.png,OcrZoom/OCR_IMG_9170.png,ok,,C&O,C&O,142374,,Hopper,,Black,140000,174000,46000,11-80,CO142374,CO,,,,"AL | AQ. | RF I — . NEO BL WE --: A. . | JL A = ~ ‘ | | _ Y! PAEA PE | , A L : » UN",visual_review,final_ref=CarImagesFinal/IMG_9170.png; Chessie System hopper; not in car roster
IMG_9171.png,CarImagesCardFill/IMG_9171.png,OcrZoom/OCR_IMG_9171.png,ok,,WLE,WLE,621,,Hopper,,Black,,158300,51700,,WLE621,WLE,40,3.8,76,"CG 1 WD J | 621 , — LD LAT 158309 | _ LY WT 61700 I _ : , — A : —_ EE OE ——R SE EE EE 1 WE 1 621 . EU WIDE MIBZ J | CLLRS TEMA AZ I "" —= LD LAST 158300 Q | _ LY WT 81700 —. — | » RM | N G7 SUNT . EE EE ; OT SS .~ —_—_—_—_—_—E A —_—W _ EE” — — —- . —-- —S- -- — —-« CEE EE SOE -- --- —-— OO . - - W—- EE = SIMCAIE — =H AT =",visual_review,final_ref=CarImagesFinal/IMG_9171.png; Wheeling & Lake Erie hopper
IMG_9172.png,CarImagesCardFill/IMG_9172.png,OcrZoom/OCR_IMG_9172.png,ok,,URR,URR,15003,,Hopper,,Black,140000,155500,54500,11-17,URR15003,URR,50,4.4,88,SS O03 L UD) A [| CAPACITY É . . POA LAG ~ — ON REQTHE PEAY AN EY ¢ I <A; ' ; SOE JK. 5G VY & [I IGN) \VF 9 J RD _ ST ES - _ = — ‘EY ——— A — - = - “2 WL. OE OS UN ION (A SE C 1} | YF P CAP ACTT ISQ0NA PRE ROY A = =M £0 RT THY HEY AN ET GZ IY POA LMT VAFEFLMQ) | : = JX V = J = GEE - EN -,visual_review,Union hopper — check road number in OCR zoom; final_ref=CarImagesFinal/IMG_9172.png; Union Railroad coal hopper
IMG_9173.png,CarImagesCardFill/IMG_9173.png,OcrZoom/OCR_IMG_9173.png,ok,,B&O,B&O,132392,,Hopper,HK,Black,,,,,BO132392,BO,50,4.4,88,"_ . ———— — B &O IT . 132 392 OE ST ~ |_| | AE 252600 FI ” L : MT HT. 499500 GE23 4 MAT QE - A A = ~~ 3 BAL TIM ORE & O HIO LT SOO B &O COKE , KO TESA 8 SCHE { | 132 392 ERE $-7 STE. CUTLER - VEA TIT OREN 4 A — ——_—_—_—_———— CINTREFGCAL CIRT ZA OS COLLET A : ' “APACITY ECON URE — + WEL WO ERATES IG R LLOHOG TP, ER RER 2 MCW 19300 G23 REUSE YET - | | | | Q OD @ J \ —A A ; ~ - A --- -_— =O —",visual_review,final_ref=CarImagesFinal/IMG_9173.png
IMG_9174.png,CarImagesCardFill/IMG_9174.png,OcrZoom/OCR_IMG_9174.png,ok,,URR,URR,15044,,Hopper,,Black,140000,155500,54500,11-17,URR15044,URR,50,4.4,88,"IS O44 A} PA : I ~ CAPACITY MI CAPACITY QAI LN S P BR ERE EEE ENRG 21S NG A : . A P ) LD ‘TET & UN LIGH) J JU ” ~~ - A A} “RL A X | I CAPACITY 2A BET AT | "" [ 4 - MA CAPACITY GHD LES MOS - , LOAD LMT IG&SON | BS ' IE A EE | ENRR 28 <4) A=E — ZAI GINS SA BABOS 7 ° A * ’ } J J V 7 M4 =: — RT E",visual_review,final_ref=CarImagesFinal/IMG_9174.png; Union Railroad coal hopper
IMG_9175.png,CarImagesCardFill/IMG_9175.png,OcrZoom/OCR_IMG_9175.png,ok,,URR,URR,15022,,Hopper,,Black,140000,155500,54500,11-17,URR15022,URR,50,4.4,88,". = ID O22 | - CAPACITY , CAPACITY - LOAD JM = 1 NOTES 49 (T 2 IN . WI SFOTH GYGIOL MITER LIGHT W J- ND ~~ * — | SS *&. AE ; . = 15 O22 :F > CAPACITY 2808 CUFT IA MAS | Q QL P CAPACITY IG0000 LBS OA TN “ A LOAD IMT = 188500 125 1 XGTIL LES IRE 40 [T 2 IN : = S AESPT HCG EAE - 2 SPOTH INSIDE 417 GI LIGHT WT | S¢500L85 MJ 1029 MAK EE BD AE A F EE OE ——— =———S= = ES —_—_—_—S—ESES—OX——— =—__ == I ——",visual_review,final_ref=CarImagesFinal/IMG_9175.png; Union Railroad coal hopper
IMG_9176.png,CarImagesCardFill/IMG_9176.png,OcrZoom/OCR_IMG_9176.png,ok,,RDG,RDG,107333,,Boxcar,XM,Green,110000,150400,46600,9-48,RDG107333,RDG,50,4.4,88,"— VW EE —— OE RO RDG | LOCS33 FSINNUTL GFE FSS HI)ET CA TI PT IZ —— — PEA IEING KOAD MS APE LO;333 . I I IA) BHEGEDGUS &NI INA (SIP SER TP ATPAR , (ANT YF. IN HELSE CA TH A ‘ ‘ WAN EA OE A —_ — I — — == — = 3 7 A —— FEY SAE - A = = == == EE — — = =",visual_review,final_ref=CarImagesFinal/IMG_9176.png; Reading boxcar
IMG_9177.png,CarImagesCardFill/IMG_9177.png,OcrZoom/OCR_IMG_9177.png,ok,,MSTL,MSTL,52673,,Boxcar,,Orange,100000,123400,45600,7-56,MSTL52673,MSTL,40,3.8,76,"’ AI | ; I. ; AS S26/3 CAP CIGRGOG LOLMTIZ3400 LT WT 45600 LAS 56 YL ’ 3 AAD > ' TISE FEE 38S 7 A O£, J 7} AAH; _ WY =), . A, ; IE PE NE . OO CHEE . ‘ FI | » EP YO 3 ; VPS! A, ID I FR —, —* AE HY EH FE I MINN&APOL:IS & STLOVIS YY EW I 3 Y I NO, _____ 62673 TRW IOS WIS) HY AS JG FO DT TED DER TE EE” «£ CAPYIGLOCS LOLMTIZ34600 LT WT 456710 LAS 5B = ° , ° ° OE — TIAL LOEWE NT A ; EE EE A -",visual_review,final_ref=CarImagesFinal/IMG_9177.png; Minneapolis & St Louis boxcar; side stencil reads 52673
IMG_9178.png,CarImagesCardFill/IMG_9178.png,OcrZoom/OCR_IMG_9178.png,ok,,URTX,URTX,63627,,Reefer,,Gray,100000,15600,45300,1-86,URTX63627,URTX,40,3.8,76,"I A GSS ES UE ~ EE AE EE SOE ONE FE A EYE SI A I . = DUBUQUE WISE E LD SER OS) DE & SIS CATERS) LANE 63627 NI) AUT. PEA —_ CAPY 100000 RS SYMBOL OF FLAVOR AND QUALITY LOLMT {15600 - LT WT 45300 LA I-86 BUSUQUE FACEING COMPANY LESSEE. GUBYVEUE LOWS 7 RS — , = = | WE <=-2 4ZRNURT A ; :",visual_review,final_ref=CarImagesFinal/IMG_9178.png; Dubuque Packing Company reefer
IMG_9179.png,CarImagesCardFill/IMG_9179.png,OcrZoom/OCR_IMG_9179.png,ok,,REX,REX,350,,Reefer,,Green,,,,,REX350,REX,50,4.4,88,"RAILWAY EXPRESS : | PE TK F RAILWAY EXPRESS REFRIGERATOR AGENCY ILW, - “ A ® 4 ¥ = .",visual_review,final_ref=CarImagesFinal/IMG_9179.png; Railway Express Agency refrigerator
IMG_9192.png,CarImagesCardFill/IMG_9192.png,OcrZoom/OCR_IMG_9192.png,ok,,Ohio Central,Ohio Central,2091,EMD · GP20 · 56',Locomotive,,,,,,,,,,,,"A = POD 7 = =A = A ——- = A GG TS) D 44 } % AES - I ——. ; OO=, = SY ARN SHOE ‘ PEPE IA . — ————- \ MT 7 A PY 7 RY . - ~ = 5 II ES EY = — \ I : HI “, A MANE AS : AM HEME N= ER LS CEEAB EEE AR TA | “ (A <- / | = . | “ FE E » = } EO ————* \ I _ ——— = _ EE _ . . — . = EE AY —S ET —_— AI — — —— AS — PACEM NIH EE ER —_-- =: = . AE 7 <= A",visual_review,Ohio Central GP20 locomotive; engine_roster_id=CWRY2091; replacement photo for IMG_9180; final_ref=CarImagesFinal/IMG_9192.png
IMG_9181.png,CarImagesCardFill/IMG_9181.png,OcrZoom/OCR_IMG_9181.png,ok,,B&O,B&O,9602,EMD · SW1200 · 45',Locomotive,,,,,,,,,,,,"IF: ,¢ ' EE EE L . A : 4 I G | + RL ‘ 4 | 1, : : | | . | . - ~ 7 - 7 . . | IO) C — I COK ~, ~~ MS CE 7 IE LIN PAY : AE | - | J \ WE —- ~ : SA AS AY “S /\ YO AN FIA, \. OT | \. : WR : €, I: FF A -- » S- += - . -=- . ~ = = = EED I ; ; TOW LOE! &. \ A LH. — >» A A",visual_review,final_ref=CarImagesFinal/IMG_9181.png; Chessie System B&O SW switcher; not in car roster; engine_roster_id=BO9602
IMG_9182.png,CarImagesCardFill/IMG_9182.png,OcrZoom/OCR_IMG_9182.png,ok,,B&O,B&O,572,EMD · NW2 Phase V · 50',Locomotive,,,,,,,,,,,,"/ | I PA » ; OE EE = . —_— . ~_M SA MY | : . | ASI A RH — EE -- . _ EE EE — . - A . =Z OF ! — SY . D | | Y, ———— - A AME ENE : —. —\/ ORG ’ AE . 4 —_ ——R —AE OER . . EE AE —_——V-"" — —_— ——_ —— EEE - --3",visual_review,final_ref=CarImagesFinal/IMG_9182.png; B&O diesel switcher; not in car roster; engine_roster_id=BO572
IMG_9183.png,CarImagesCardFill/IMG_9183.png,OcrZoom/OCR_IMG_9183.png,ok,,C&O,C&O,8216,GE · U30B · 50',Locomotive,LO,,,,,,,,,,,"LO 4 AN H R A J ‘ MA 4 A . — ] 4 7 | . I ER A — — . J - ; _ | A , } T 7 2 . | . ’ | ET EE: - - _ | — = EEE EE — —— — OE) WAE SEO T ; . = = =",visual_review,final_ref=CarImagesFinal/IMG_9183.png; Chessie System C&O GP40-2 locomotive; not in car roster; Chessie System C&O locomotive; engine_roster_id=CO8216
IMG_9184.png,CarImagesCardFill/IMG_9184.png,OcrZoom/OCR_IMG_9184.png,ok,,B&O,B&O,3840,EMD · GP38 · 59',Locomotive,,,,,,,,,,,,"A ¢ —— ——— —_- ENN — . ~~ I HAD X ' (ON ; ' . A"" * — = ~~ . ————— = - - — ; > - ———_——— A , NY —=—— =. OM : — ~ —— ; : ~ A EE ° . —_ = . = = _ —- ——— BY ZI —- A A _—_ _— SSS E—E—EEEE _ EY [ A ~ : -= < PO | VCE I EN | | ) | | ™~™ . I CAL P | T ‘ ! I ~ : . . | ———— BL AE | A . / ET NS = A ——_———_—_——_——_—_— _ — _ _ . _ _ 5 — —_—--L —— 7",visual_review,final_ref=CarImagesFinal/IMG_9184.png; B&O GP-38 locomotive; not in car roster; engine_roster_id=BO3840
IMG_9185.png,CarImagesCardFill/IMG_9185.png,OcrZoom/OCR_IMG_9185.png,ok,,CSX,CSX,1827,GE · ES44AH · 50',Locomotive,,,,,,,,,,,,"PK R- - = EE FE RR 4 7 . | ~ _ E 4 ; — I IE 1 IE I! IR ~ S TG \ | | A RE I I 4 —— WE & LA L — ""A EE YER ER EE ¢ EE 2 — A = ——— —_ A ED : . . EEE OLE ES ————S=S———— X"" 2 TO} EEE EE SIA TE < ID I. RR -_- - - _ ' ‘IH. —, 1 OS 4 P | 4 FT ES A RA | 7 : : = RS ; E 4 UME? T 7 ¢ - —_ I ~ = RE . VI) | . ! II FY ' NE + A ; A ( - -— I | MA. {4 BAA ‘ . 6 J ADI LOE NA J RATE Y Y A! € AT 1 —O —<— = — EE RE TTE ",visual_review,final_ref=CarImagesFinal/IMG_9185.png; CSX heritage B&O ES44AH locomotive; not in car roster; CSX heritage B&O locomotive; engine_roster_id=CSX1827
IMG_9186.png,CarImagesCardFill/IMG_9186.png,OcrZoom/OCR_IMG_9186.png,ok,,TTC,TTC,4678,PCC · Streetcar,Streetcar,,,,,,,,,,,,L IO MH A | | | C — —— ARA EE NE FOT -- — ~ .- EE —— — EN ._——— —— | EE ‘ ‘ —— ‘I WTUBEH - : : 7 7 = T ; . 7 7 A | EE EE EE EE,visual_review,final_ref=CarImagesFinal/IMG_9186.png; Toronto Transit Commission PCC streetcar; not in car roster
IMG_9187.png,CarImagesCardFill/IMG_9187.png,OcrZoom/OCR_IMG_9187.png,ok,,Conrail,Conrail,1993,GE · B23-7 · 61',Locomotive,,,,,,,,,,,,". - 3 =A WE FOE EO . * SLRS AG RL A OE ID S : < . = SX: & CA. AM CHINES ‘SP. _Z —— NG . —= « ON YE — EENS = A Y > Z A F Y GEE A EE A | = | ’ = . > —=—E=E=— A _ . ; 7 . ; OW IC — ZX . |] ——. TIC A ———E ——— A — —A — _ EL ——* =ENRL* EE: ; ‘ ON 0 ="" AOA",visual_review,final_ref=CarImagesFinal/IMG_9187.png; Conrail Quality B23-7 locomotive; not in car roster; not in engine roster
IMG_9193.png,CarImagesCardFill/IMG_9193.png,OcrZoom/OCR_IMG_9193.png,ok,,B&O,B&O,3545,EMD · GP35 · 56',Locomotive,,,,,,,,,,,,"AE _ AE _ _ ° 2 —<———————— AS ~ AN T . © \"" ER T™*™S J : OF - . 2 = Q- * LEN Q ® O — : — — —— BAS : — I OO EEE = - ‘ _S ¢ — OO -_—_ A T ‘ : / WN ' = É ) ~ Y ET % ' IT AE - - A"") * . 2 : : I “6 RY WELS FOM SI _ | > ~S - RN EE OR OE | FRE YO NS . FR GE ] I BE | (| | ‘OE RYE, 0: EM RSF PP AF 4 = 1 ONE HEH WN PTE. REE . DE AE: OI ; ‘ R © A MERE TAETT EE | . IF ; LAT 05 | % IB — I + "" . | 3 | 3 1 J ) M",visual_review,Chessie System B&O GP35; engine_roster_id=BO3545; final_ref=CarImagesFinal/IMG_9193.png
IMG_9194.png,CarImagesCardFill/IMG_9194.png,OcrZoom/OCR_IMG_9194.png,ok,,B&O,B&O,2235,ALCO · AS-16 · 50',Locomotive,,,,,,,,,,,,"/- 4 — A I TH | . = ™ | —— SEY “ I Q OO , 2235 © © 2235 AT 1 _ ' & 4 . _ EEE - - --. -- - EAE . A . 4 WINE EO — | - T Y ~ ~ | = “ . PP - ITA PR : ] | | MM’ : 7 EN | - A ——",visual_review,B&O switcher; engine_roster_id=BO2235; final_ref=CarImagesFinal/IMG_9194.png
IMG_9195.png,CarImagesCardFill/IMG_9195.png,OcrZoom/OCR_IMG_9195.png,ok,,B&O,B&O,6944,EMD · GP30 · 56',Locomotive,,,,,,,,,,,,AE — LT = = “= | | [ A EE | ; A A L J EE | | - SE ' 4 A \ I — 3! A : 6 — 7 VERS IS | WI ’ ZE I A ASSY / “ ‘ ; | 1 F~ “OS \ \ J F | | | : ‘ - OY ‘ 2 SS ~— LL ~ EE I OAT L = 1 RO . | J _3) DBESOE LIM A : : TEOA-. IL. L J | . } A | ; 1 \ | EN. | : ——W IMATE I,visual_review,B&O GP30; engine_roster_id=BO6944; final_ref=CarImagesFinal/IMG_9195.png
